start_time,end_time,label
0.0,33.92,train_boxing
33.92,64.128,train_calling
64.128,109.328,train_cooking
109.328,151.568,train_drinkingcoffee
151.568,181.13600000000002,train_idle
181.13600000000002,236.68800000000002,train_mopping
236.68800000000002,281.238,train_squatting
281.238,352.15,train_vacuumcleaning
352.15,389.142,train_walking
389.142,417.692,train_waving
